,TempBME,RHBME,Press,TijdGPS
0,23.6,56.06,1016.94,2026-09-26 19:34:20+02:00
1,23.32,56.63,1016.93,2026-09-26 19:35:11+02:00
2,23.03,56.94,1016.94,2026-09-26 19:36:17+02:00
3,22.8,57.21,1016.96,2026-09-26 19:37:17+02:00
4,22.59,57.53,1016.97,2026-09-26 19:38:08+02:00
5,22.42,57.9,1016.96,2026-09-26 19:39:08+02:00
6,22.28,58.22,1016.96,2026-09-26 19:40:17+02:00
7,22.15,58.37,1016.96,2026-09-26 19:41:08+02:00
8,22.01,58.78,1016.97,2026-09-26 19:42:08+02:00
9,21.87,58.99,1016.97,2026-09-26 19:43:08+02:00
10,21.74,59.26,1016.96,2026-09-26 19:44:08+02:00
11,21.6,59.61,1016.97,2026-09-26 19:45:17+02:00
12,25.0,47.54,958.93,2026-09-28 14:22:16+02:00
13,25.21,46.3,958.9,2026-09-28 14:23:16+02:00
14,24.73,46.74,958.62,2026-09-28 14:41:17+02:00
15,24.71,47.67,958.59,2026-09-28 14:42:17+02:00
16,24.75,45.45,958.59,2026-09-28 14:43:17+02:00
17,24.9,45.19,958.55,2026-09-28 14:44:08+02:00
18,25.02,45.78,958.54,2026-09-28 14:45:08+02:00
19,25.16,46.14,958.52,2026-09-28 14:46:17+02:00
20,25.25,44.68,958.49,2026-09-28 14:47:50+02:00
21,25.19,44.25,958.45,2026-09-28 14:48:56+02:00
22,25.62,45.65,958.44,2026-09-28 14:50:51+02:00
23,25.6,44.81,958.45,2026-09-28 14:52:00+02:00
24,25.39,44.55,958.46,2026-09-28 14:53:00+02:00
25,25.2,44.54,958.44,2026-09-28 14:54:00+02:00
26,24.86,43.02,958.43,2026-09-28 14:55:00+02:00
27,24.89,44.33,958.4,2026-09-28 14:56:00+02:00
28,25.0,44.34,958.39,2026-09-28 14:56:51+02:00
29,24.98,43.39,958.38,2026-09-28 14:57:51+02:00
30,24.71,43.31,958.37,2026-09-28 14:58:51+02:00
31,24.67,42.84,958.35,2026-09-28 14:59:51+02:00
32,24.66,43.21,958.35,2026-09-28 15:01:00+02:00
33,24.71,43.85,958.35,2026-09-28 15:01:51+02:00
34,24.84,44.31,958.33,2026-09-28 15:03:00+02:00
35,24.9,44.85,958.31,2026-09-28 15:04:00+02:00
36,25.03,44.26,958.3,2026-09-28 15:04:51+02:00
37,25.03,43.7,958.29,2026-09-28 15:05:51+02:00
38,25.06,44.6,958.3,2026-09-28 15:06:51+02:00
39,25.15,44.09,958.29,2026-09-28 15:08:00+02:00
40,25.23,43.97,958.29,2026-09-28 15:08:51+02:00
41,25.23,44.12,958.28,2026-09-28 15:09:51+02:00
42,25.13,44.12,958.26,2026-09-28 15:11:00+02:00
43,25.13,44.59,958.25,2026-09-28 15:11:51+02:00
44,25.15,44.68,958.25,2026-09-28 15:12:51+02:00
45,25.17,44.68,958.24,2026-09-28 15:13:51+02:00
46,25.09,44.9,958.21,2026-09-28 15:14:51+02:00
47,25.07,44.57,958.2,2026-09-28 15:15:51+02:00
48,25.09,44.36,958.17,2026-09-28 15:17:00+02:00
49,25.0,43.86,958.17,2026-09-28 15:18:00+02:00
50,24.84,44.0,958.15,2026-09-28 15:19:00+02:00
51,24.69,44.21,958.13,2026-09-28 15:20:00+02:00
52,24.71,44.45,958.12,2026-09-28 15:21:00+02:00
53,24.81,44.77,958.14,2026-09-28 15:21:51+02:00
54,24.95,44.96,958.13,2026-09-28 15:22:51+02:00
55,25.12,45.45,958.12,2026-09-28 15:23:51+02:00
56,25.3,45.62,958.11,2026-09-28 15:25:00+02:00
57,25.49,45.55,958.09,2026-09-28 15:25:51+02:00
58,25.68,45.08,958.07,2026-09-28 15:26:51+02:00
59,25.85,45.5,958.06,2026-09-28 15:27:51+02:00
60,26.02,45.57,958.05,2026-09-28 15:29:00+02:00
61,26.16,45.59,958.02,2026-09-28 15:30:00+02:00
62,26.37,45.22,958.02,2026-09-28 15:31:00+02:00
63,26.51,44.97,958.01,2026-09-28 15:32:00+02:00
64,26.71,45.39,958.0,2026-09-28 15:33:00+02:00
65,26.84,44.83,957.98,2026-09-28 15:34:00+02:00
66,26.93,44.88,957.95,2026-09-28 15:35:00+02:00
67,27.05,44.81,957.92,2026-09-28 15:36:00+02:00
68,27.2,44.33,957.92,2026-09-28 15:37:00+02:00
69,27.31,44.31,957.91,2026-09-28 15:37:51+02:00
70,27.44,44.12,957.89,2026-09-28 15:39:00+02:00
71,27.58,44.4,957.89,2026-09-28 15:40:00+02:00
72,27.55,41.49,957.87,2026-09-28 15:41:00+02:00
73,26.99,41.34,957.99,2026-09-28 15:41:51+02:00
74,26.89,41.84,958.16,2026-09-28 15:43:00+02:00
75,26.89,41.16,958.14,2026-09-28 15:43:51+02:00
76,26.9,41.49,958.11,2026-09-28 15:44:51+02:00
77,26.97,41.26,958.14,2026-09-28 15:46:00+02:00
78,26.99,40.96,958.18,2026-09-28 15:46:51+02:00
79,26.89,41.33,958.23,2026-09-28 15:47:51+02:00
80,26.93,40.6,958.23,2026-09-28 15:48:51+02:00
81,27.06,40.93,958.21,2026-09-28 15:49:51+02:00
82,27.24,40.44,958.17,2026-09-28 15:51:00+02:00
83,27.33,40.18,958.13,2026-09-28 15:51:51+02:00
84,27.32,40.38,958.08,2026-09-28 15:53:00+02:00
85,27.35,40.38,958.02,2026-09-28 15:53:51+02:00
86,27.35,40.49,957.96,2026-09-28 15:55:00+02:00
87,27.37,40.5,957.85,2026-09-28 15:55:51+02:00
88,27.36,40.44,957.64,2026-09-28 15:57:00+02:00
89,27.44,40.38,957.35,2026-09-28 15:57:51+02:00
90,27.49,39.85,957.57,2026-09-28 15:59:00+02:00
91,27.38,39.84,957.76,2026-09-28 15:59:51+02:00
92,27.26,39.09,957.74,2026-09-28 16:00:51+02:00
93,27.24,39.71,957.41,2026-09-28 16:01:51+02:00
94,27.18,39.8,957.41,2026-09-28 16:03:00+02:00
95,27.18,39.62,957.52,2026-09-28 16:03:51+02:00
96,27.19,39.92,957.53,2026-09-28 16:05:00+02:00
97,27.27,39.68,957.52,2026-09-28 16:05:51+02:00
98,27.32,39.75,957.5,2026-09-28 16:06:51+02:00
99,27.4,39.71,957.47,2026-09-28 16:08:00+02:00
100,27.44,40.11,957.46,2026-09-28 16:08:51+02:00
101,27.56,40.06,957.49,2026-09-28 16:09:51+02:00
102,27.61,39.89,957.49,2026-09-28 16:10:51+02:00
103,27.65,39.73,957.49,2026-09-28 16:11:51+02:00
104,27.67,39.55,957.47,2026-09-28 16:13:00+02:00
105,27.66,39.32,957.45,2026-09-28 16:13:51+02:00
106,27.61,39.15,957.45,2026-09-28 16:14:51+02:00
107,27.53,39.03,957.45,2026-09-28 16:16:00+02:00
108,27.42,38.97,957.44,2026-09-28 16:17:00+02:00
109,27.29,39.0,957.45,2026-09-28 16:18:00+02:00
110,27.18,38.99,957.43,2026-09-28 16:18:51+02:00
111,27.07,38.98,957.43,2026-09-28 16:19:51+02:00
112,26.96,39.07,957.41,2026-09-28 16:20:51+02:00
113,26.85,39.09,957.41,2026-09-28 16:22:00+02:00
114,26.76,39.2,957.4,2026-09-28 16:23:00+02:00
115,26.69,39.29,957.4,2026-09-28 16:24:00+02:00
116,26.61,39.29,957.4,2026-09-28 16:25:00+02:00
117,26.54,39.41,957.41,2026-09-28 16:26:00+02:00
118,26.48,39.37,957.39,2026-09-28 16:26:51+02:00
119,26.4,39.4,957.38,2026-09-28 16:27:51+02:00
120,26.35,39.57,957.37,2026-09-28 16:28:51+02:00
121,26.29,39.58,957.36,2026-09-28 16:29:51+02:00
122,26.23,39.6,957.36,2026-09-28 16:30:51+02:00
123,26.18,39.76,957.36,2026-09-28 16:31:51+02:00
124,26.14,39.73,957.34,2026-09-28 16:33:00+02:00
125,26.09,39.69,957.32,2026-09-28 16:34:00+02:00
126,26.05,39.73,957.33,2026-09-28 16:35:00+02:00
127,26.0,39.81,957.33,2026-09-28 16:36:00+02:00
128,25.95,39.77,957.32,2026-09-28 16:37:00+02:00
129,25.89,39.87,957.31,2026-09-28 16:37:51+02:00
130,25.84,39.82,957.31,2026-09-28 16:39:00+02:00
131,25.77,39.87,957.3,2026-09-28 16:40:00+02:00
132,25.71,40.04,957.31,2026-09-28 16:40:51+02:00
133,25.67,39.99,957.31,2026-09-28 16:41:51+02:00
134,25.64,40.04,957.29,2026-09-28 16:43:00+02:00
135,25.61,40.05,957.28,2026-09-28 16:44:00+02:00
136,25.58,40.03,957.26,2026-09-28 16:45:00+02:00
137,25.52,40.14,957.27,2026-09-28 16:46:00+02:00
138,25.47,40.19,957.26,2026-09-28 16:47:00+02:00
139,25.43,40.27,957.26,2026-09-28 16:48:00+02:00
140,25.38,40.31,957.26,2026-09-28 16:49:00+02:00
141,25.32,40.36,957.24,2026-09-28 16:50:00+02:00
142,25.3,40.46,957.25,2026-09-28 16:51:00+02:00
143,25.31,40.65,957.24,2026-09-28 16:52:00+02:00
144,25.31,40.46,957.23,2026-09-28 16:53:00+02:00
145,25.28,40.39,957.21,2026-09-28 16:54:00+02:00
146,25.24,40.53,957.21,2026-09-28 16:55:00+02:00
147,25.2,40.4,957.19,2026-09-28 16:55:51+02:00
148,25.13,40.42,957.18,2026-09-28 16:57:00+02:00
149,25.03,40.53,957.16,2026-09-28 16:58:00+02:00
150,25.03,40.65,957.17,2026-09-28 16:59:00+02:00
151,25.05,40.65,957.16,2026-09-28 16:59:51+02:00
152,25.05,40.85,957.13,2026-09-28 17:00:51+02:00
153,24.86,40.87,957.02,2026-09-28 17:01:51+02:00
154,24.68,41.36,956.92,2026-09-28 17:02:51+02:00
155,24.43,42.27,957.2,2026-09-28 17:04:00+02:00
156,24.44,42.45,957.3,2026-09-28 17:04:51+02:00
157,24.7,42.41,957.33,2026-09-28 17:06:00+02:00
158,24.88,42.36,957.41,2026-09-28 17:07:00+02:00
159,25.04,42.38,957.38,2026-09-28 17:08:00+02:00
160,25.19,42.48,957.37,2026-09-28 17:09:00+02:00
161,25.32,42.55,957.34,2026-09-28 17:09:51+02:00
162,25.43,42.63,957.53,2026-09-28 17:10:51+02:00
163,25.53,42.66,957.58,2026-09-28 17:11:51+02:00
164,25.61,42.68,957.6,2026-09-28 17:12:51+02:00
165,25.7,42.71,957.69,2026-09-28 17:14:00+02:00
166,25.76,42.63,957.75,2026-09-28 17:14:51+02:00
167,25.82,42.75,957.83,2026-09-28 17:15:51+02:00
168,25.87,42.78,958.01,2026-09-28 17:16:51+02:00
169,25.92,42.75,958.06,2026-09-28 17:18:00+02:00
170,25.95,42.45,958.09,2026-09-28 17:19:00+02:00
171,25.95,42.43,958.34,2026-09-28 17:20:00+02:00
172,25.96,42.27,958.71,2026-09-28 17:20:51+02:00
173,25.91,41.88,958.57,2026-09-28 17:21:51+02:00
174,25.85,41.53,958.73,2026-09-28 17:22:51+02:00
175,25.82,41.78,959.19,2026-09-28 17:24:00+02:00
176,25.81,41.58,958.85,2026-09-28 17:25:00+02:00
177,25.73,41.17,957.58,2026-09-28 17:26:00+02:00
178,25.68,41.45,958.48,2026-09-28 17:26:51+02:00
179,25.69,41.74,957.98,2026-09-28 17:28:00+02:00
180,25.72,41.76,958.57,2026-09-28 17:29:00+02:00
181,25.77,41.91,958.5,2026-09-28 17:30:00+02:00
182,25.82,41.93,958.22,2026-09-28 17:31:00+02:00
183,25.83,41.89,957.94,2026-09-28 17:32:00+02:00
184,25.86,42.02,957.69,2026-09-28 17:33:00+02:00
185,25.89,41.99,957.68,2026-09-28 17:34:00+02:00
186,25.88,42.07,957.38,2026-09-28 17:34:51+02:00
187,25.87,42.3,955.57,2026-09-28 17:36:00+02:00
188,25.89,42.07,952.99,2026-09-28 17:37:00+02:00
189,25.92,42.14,952.09,2026-09-28 17:37:51+02:00
190,25.96,42.19,951.93,2026-09-28 17:39:00+02:00
191,26.02,42.1,951.77,2026-09-28 17:40:00+02:00
192,26.04,42.36,949.03,2026-09-28 17:41:00+02:00
193,26.07,42.82,946.53,2026-09-28 17:42:00+02:00
194,26.13,42.76,946.09,2026-09-28 17:43:00+02:00
195,26.14,42.73,947.24,2026-09-28 17:44:00+02:00
196,26.16,42.63,949.47,2026-09-28 17:45:00+02:00
197,26.17,42.53,949.87,2026-09-28 17:46:00+02:00
198,26.18,42.57,949.91,2026-09-28 17:47:00+02:00
199,26.19,42.61,949.91,2026-09-28 17:48:00+02:00
200,26.19,42.64,949.98,2026-09-28 17:49:00+02:00
201,26.2,42.71,949.98,2026-09-28 17:50:00+02:00
202,26.21,42.77,950.01,2026-09-28 17:51:00+02:00
203,26.21,42.77,950.02,2026-09-28 17:52:00+02:00
204,26.21,42.81,950.03,2026-09-28 17:53:00+02:00
205,26.22,42.84,949.89,2026-09-28 17:54:00+02:00
206,26.22,42.88,949.86,2026-09-28 17:55:00+02:00
207,26.23,42.96,949.86,2026-09-28 17:55:51+02:00
208,26.24,43.0,949.86,2026-09-28 17:56:51+02:00
209,26.25,43.02,949.86,2026-09-28 17:58:00+02:00
210,26.25,43.04,949.87,2026-09-28 17:59:00+02:00
211,26.26,43.06,949.87,2026-09-28 17:59:51+02:00
212,26.26,43.07,949.87,2026-09-28 18:00:51+02:00
213,26.27,43.08,949.87,2026-09-28 18:01:51+02:00
214,26.27,43.09,949.86,2026-09-28 18:03:00+02:00
215,26.27,43.11,949.87,2026-09-28 18:03:51+02:00
216,26.27,43.14,949.87,2026-09-28 18:04:51+02:00
217,26.28,43.15,949.88,2026-09-28 18:05:51+02:00
218,26.29,43.14,949.88,2026-09-28 18:06:51+02:00
219,26.29,43.13,949.87,2026-09-28 18:08:00+02:00
220,26.29,43.12,949.88,2026-09-28 18:09:00+02:00
221,26.29,43.11,949.88,2026-09-28 18:09:51+02:00
222,26.29,43.12,949.88,2026-09-28 18:10:51+02:00
223,26.29,43.13,949.88,2026-09-28 18:12:00+02:00
224,26.3,43.14,949.91,2026-09-28 18:13:00+02:00
225,26.3,43.15,949.92,2026-09-28 18:14:00+02:00
226,26.31,43.14,949.93,2026-09-28 18:15:00+02:00
227,26.32,43.12,949.94,2026-09-28 18:16:00+02:00
228,26.32,43.09,949.94,2026-09-28 18:17:00+02:00
229,26.32,43.12,949.95,2026-09-28 18:18:00+02:00
230,26.32,43.14,949.96,2026-09-28 18:19:00+02:00
231,26.33,43.16,949.96,2026-09-28 18:20:00+02:00
232,26.33,43.19,949.97,2026-09-28 18:21:00+02:00
233,26.34,43.2,949.98,2026-09-28 18:22:00+02:00
234,26.35,43.23,949.99,2026-09-28 18:23:00+02:00
235,26.36,43.25,950.0,2026-09-28 18:23:51+02:00
236,26.36,43.26,950.01,2026-09-28 18:24:51+02:00
237,26.37,43.28,950.0,2026-09-28 18:25:51+02:00
238,26.38,43.29,950.0,2026-09-28 18:26:51+02:00
239,26.38,43.3,950.0,2026-09-28 18:27:51+02:00
240,26.39,43.31,950.01,2026-09-28 18:29:00+02:00
241,26.39,43.31,950.01,2026-09-28 18:30:00+02:00
242,26.4,43.32,950.02,2026-09-28 18:30:51+02:00
243,26.4,43.31,950.02,2026-09-28 18:32:00+02:00
244,26.4,43.3,950.03,2026-09-28 18:33:00+02:00
245,26.41,43.31,950.03,2026-09-28 18:33:51+02:00
246,26.41,43.31,950.03,2026-09-28 18:34:51+02:00
247,26.41,43.29,950.02,2026-09-28 18:35:51+02:00
248,26.41,43.3,950.03,2026-09-28 18:36:51+02:00
249,26.41,43.29,950.04,2026-09-28 18:37:51+02:00
250,26.41,43.29,950.04,2026-09-28 18:39:00+02:00
251,26.41,43.3,950.06,2026-09-28 18:39:51+02:00
252,26.41,43.3,950.07,2026-09-28 18:40:51+02:00
253,26.41,43.3,950.07,2026-09-28 18:41:51+02:00
254,26.41,43.3,950.08,2026-09-28 18:43:00+02:00
255,26.41,43.29,950.09,2026-09-28 18:43:51+02:00
256,26.4,43.29,950.1,2026-09-28 18:45:00+02:00
257,26.4,43.28,950.12,2026-09-28 18:45:51+02:00
258,26.4,43.29,950.13,2026-09-28 18:46:51+02:00
259,26.4,43.29,950.14,2026-09-28 18:48:00+02:00
260,26.4,43.29,950.16,2026-09-28 18:48:51+02:00
261,26.4,43.29,950.16,2026-09-28 18:49:51+02:00
262,26.4,43.28,950.16,2026-09-28 18:50:51+02:00
263,26.4,43.27,950.18,2026-09-28 18:51:51+02:00
264,26.4,43.28,950.18,2026-09-28 18:52:51+02:00
265,26.39,43.27,950.2,2026-09-28 18:53:51+02:00
266,26.39,43.26,950.21,2026-09-28 18:54:51+02:00
267,26.39,43.25,950.23,2026-09-28 18:55:51+02:00
268,26.39,43.25,950.24,2026-09-28 18:56:51+02:00
269,26.39,43.25,950.27,2026-09-28 18:57:51+02:00
270,26.38,43.25,950.29,2026-09-28 18:58:51+02:00
271,26.38,43.24,950.3,2026-09-28 19:00:00+02:00
272,26.38,43.24,950.31,2026-09-28 19:01:00+02:00
273,26.37,43.24,950.33,2026-09-28 19:02:00+02:00
274,26.37,43.25,950.35,2026-09-28 19:03:00+02:00
275,26.37,43.24,950.36,2026-09-28 19:04:00+02:00
276,26.37,43.24,950.36,2026-09-28 19:05:00+02:00
277,26.37,43.23,950.39,2026-09-28 19:06:00+02:00
278,26.37,43.23,950.4,2026-09-28 19:07:00+02:00
279,26.36,43.24,950.4,2026-09-28 19:08:00+02:00
280,26.36,43.24,950.41,2026-09-28 19:09:00+02:00
281,26.36,43.24,950.42,2026-09-28 19:10:00+02:00
282,26.36,43.23,950.42,2026-09-28 19:11:00+02:00
283,26.35,43.25,950.43,2026-09-28 19:12:00+02:00
284,26.35,43.26,950.44,2026-09-28 19:13:00+02:00
285,26.35,43.26,950.45,2026-09-28 19:14:00+02:00
286,26.35,43.25,950.45,2026-09-28 19:14:51+02:00
287,26.34,43.24,950.45,2026-09-28 19:15:51+02:00
288,26.34,43.23,950.45,2026-09-28 19:16:51+02:00
289,26.34,43.24,950.46,2026-09-28 19:18:00+02:00
290,26.33,43.22,950.46,2026-09-28 19:18:51+02:00
291,26.33,43.21,950.45,2026-09-28 19:19:51+02:00
292,26.32,43.21,950.46,2026-09-28 19:20:51+02:00
293,26.32,43.22,950.46,2026-09-28 19:21:51+02:00
294,26.31,43.22,950.48,2026-09-28 19:23:00+02:00
295,26.31,43.22,950.49,2026-09-28 19:24:00+02:00
296,26.3,43.21,950.49,2026-09-28 19:25:00+02:00
297,26.29,43.21,950.5,2026-09-28 19:26:00+02:00
298,26.29,43.2,950.52,2026-09-28 19:27:00+02:00
299,26.29,43.18,950.54,2026-09-28 19:27:51+02:00
300,26.28,43.15,950.55,2026-09-28 19:28:51+02:00
301,26.27,43.14,950.57,2026-09-28 19:29:51+02:00
302,26.26,43.15,950.57,2026-09-28 19:30:51+02:00
303,26.26,43.14,950.57,2026-09-28 19:32:00+02:00
304,26.25,43.14,950.58,2026-09-28 19:32:51+02:00
305,26.24,43.09,950.6,2026-09-28 19:33:51+02:00
306,26.23,43.07,950.6,2026-09-28 19:35:00+02:00
307,26.22,43.07,950.6,2026-09-28 19:35:51+02:00
308,26.21,43.07,950.61,2026-09-28 19:36:51+02:00
309,26.2,43.07,950.62,2026-09-28 19:37:51+02:00
310,26.2,43.08,950.63,2026-09-28 19:39:00+02:00
311,26.19,43.09,950.66,2026-09-28 19:40:00+02:00
312,26.19,43.09,950.66,2026-09-28 19:40:51+02:00
313,26.18,43.07,950.67,2026-09-28 19:42:00+02:00
314,26.17,43.07,950.68,2026-09-28 19:42:51+02:00
315,26.17,43.05,950.69,2026-09-28 19:43:51+02:00
316,26.16,43.04,950.72,2026-09-28 19:45:00+02:00
317,26.15,43.04,950.72,2026-09-28 19:45:51+02:00
318,26.14,43.05,950.75,2026-09-28 19:46:51+02:00
319,26.14,43.01,950.74,2026-09-28 19:47:51+02:00
320,26.13,43.01,950.76,2026-09-28 19:49:00+02:00
321,26.12,43.0,950.77,2026-09-28 19:50:00+02:00
322,26.11,43.01,950.77,2026-09-28 19:51:00+02:00
323,26.1,43.0,950.77,2026-09-28 19:52:00+02:00
324,26.09,42.99,950.78,2026-09-28 19:52:51+02:00
325,26.08,42.98,950.79,2026-09-28 19:53:51+02:00
326,26.07,42.97,950.8,2026-09-28 19:55:00+02:00
327,26.06,42.95,950.83,2026-09-28 19:56:00+02:00
328,26.05,42.95,950.85,2026-09-28 19:57:00+02:00
329,26.05,42.93,950.85,2026-09-28 19:58:00+02:00
330,26.03,42.92,950.85,2026-09-28 19:59:00+02:00
331,26.02,42.92,950.85,2026-09-28 20:00:00+02:00
332,26.01,42.93,950.85,2026-09-28 20:00:51+02:00
333,26.0,42.92,950.86,2026-09-28 20:02:00+02:00
334,25.99,42.91,950.88,2026-09-28 20:03:00+02:00
335,25.99,42.91,950.88,2026-09-28 20:04:00+02:00
336,25.98,42.91,950.89,2026-09-28 20:05:00+02:00
337,25.96,42.89,950.89,2026-09-28 20:05:51+02:00
338,25.95,42.88,950.89,2026-09-28 20:07:00+02:00
339,25.93,42.87,950.89,2026-09-28 20:07:51+02:00
340,25.92,42.88,950.89,2026-09-28 20:09:00+02:00
341,25.91,42.87,950.9,2026-09-28 20:10:00+02:00
342,25.9,42.87,950.91,2026-09-28 20:10:51+02:00
343,25.89,42.87,950.91,2026-09-28 20:12:00+02:00
344,25.88,42.86,950.92,2026-09-28 20:13:00+02:00
345,25.87,42.86,950.92,2026-09-28 20:14:00+02:00
346,25.86,42.86,950.94,2026-09-28 20:14:51+02:00
347,25.85,42.84,950.94,2026-09-28 20:16:00+02:00
348,25.84,42.83,950.94,2026-09-28 20:17:00+02:00
349,25.83,42.82,950.95,2026-09-28 20:17:51+02:00
350,25.82,42.79,950.96,2026-09-28 20:18:51+02:00
351,25.8,42.76,950.97,2026-09-28 20:19:51+02:00
352,25.79,42.76,950.97,2026-09-28 20:21:00+02:00
353,25.78,42.76,950.97,2026-09-28 20:21:51+02:00
354,25.77,42.73,950.98,2026-09-28 20:23:00+02:00
355,25.75,42.74,950.98,2026-09-28 20:24:00+02:00
356,25.74,42.73,950.98,2026-09-28 20:25:00+02:00
357,25.72,42.73,950.98,2026-09-28 20:25:51+02:00
358,25.71,42.72,950.98,2026-09-28 20:26:51+02:00
359,25.7,42.72,950.99,2026-09-28 20:27:51+02:00
360,25.69,42.73,950.99,2026-09-28 20:28:51+02:00
361,25.68,42.72,951.01,2026-09-28 20:29:51+02:00
362,25.67,42.71,951.01,2026-09-28 20:30:51+02:00
363,25.65,42.7,951.02,2026-09-28 20:32:00+02:00
364,25.64,42.69,951.03,2026-09-28 20:33:00+02:00
365,25.63,42.69,951.05,2026-09-28 20:34:00+02:00
366,25.62,42.68,951.08,2026-09-28 20:34:51+02:00
367,25.61,42.67,951.1,2026-09-28 20:35:51+02:00
368,25.59,42.66,951.1,2026-09-28 20:37:00+02:00
369,25.58,42.66,951.11,2026-09-28 20:37:51+02:00
370,25.57,42.67,951.12,2026-09-28 20:39:00+02:00
371,25.56,42.66,951.14,2026-09-28 20:39:51+02:00
372,25.54,42.64,951.14,2026-09-28 20:40:51+02:00
373,25.53,42.63,951.15,2026-09-28 20:41:51+02:00
374,25.52,42.61,951.16,2026-09-28 20:42:51+02:00
375,25.5,42.6,951.15,2026-09-28 20:44:00+02:00
376,25.49,42.6,951.18,2026-09-28 20:44:51+02:00
377,25.48,42.59,951.19,2026-09-28 20:46:00+02:00
378,25.46,42.59,951.2,2026-09-28 20:47:00+02:00
379,25.45,42.58,951.21,2026-09-28 20:47:51+02:00
380,25.44,42.58,951.22,2026-09-28 20:49:00+02:00
381,25.43,42.57,951.24,2026-09-28 20:50:00+02:00
382,25.41,42.55,951.25,2026-09-28 20:50:51+02:00
383,25.4,42.56,951.26,2026-09-28 20:52:00+02:00
384,25.39,42.54,951.26,2026-09-28 20:52:51+02:00
385,25.38,42.54,951.26,2026-09-28 20:53:51+02:00
386,25.36,42.53,951.28,2026-09-28 20:55:00+02:00
387,25.35,42.5,951.28,2026-09-28 20:55:51+02:00
388,25.34,42.47,951.28,2026-09-28 20:57:00+02:00
389,25.33,42.45,951.28,2026-09-28 20:58:00+02:00
390,25.3,42.44,951.29,2026-09-28 20:59:00+02:00
391,25.29,42.44,951.28,2026-09-28 21:00:00+02:00
392,25.28,42.42,951.29,2026-09-28 21:01:00+02:00
393,25.26,42.4,951.31,2026-09-28 21:02:00+02:00
394,25.25,42.38,951.32,2026-09-28 21:03:00+02:00
395,25.24,42.37,951.33,2026-09-28 21:04:00+02:00
396,25.23,42.38,951.35,2026-09-28 21:05:00+02:00
397,25.21,42.35,951.35,2026-09-28 21:06:00+02:00
398,25.2,42.34,951.35,2026-09-28 21:06:51+02:00
399,25.19,42.33,951.36,2026-09-28 21:07:51+02:00
400,25.17,42.32,951.37,2026-09-28 21:09:00+02:00
401,25.16,42.33,951.37,2026-09-28 21:10:00+02:00
402,25.14,42.31,951.37,2026-09-28 21:10:51+02:00
403,25.13,42.31,951.38,2026-09-28 21:12:00+02:00
404,25.11,42.31,951.37,2026-09-28 21:12:51+02:00
405,25.1,42.29,951.38,2026-09-28 21:14:00+02:00
406,25.08,42.3,951.38,2026-09-28 21:15:00+02:00
407,25.07,42.29,951.38,2026-09-28 21:16:00+02:00
408,25.06,42.3,951.38,2026-09-28 21:16:51+02:00
409,25.05,42.29,951.39,2026-09-28 21:17:51+02:00
410,25.04,42.26,951.38,2026-09-28 21:19:01+02:00
411,25.03,42.24,951.37,2026-09-28 21:20:00+02:00
412,25.01,42.22,951.38,2026-09-28 21:21:01+02:00
413,25.0,42.22,951.38,2026-09-28 21:22:00+02:00
414,24.98,42.22,951.38,2026-09-28 21:23:00+02:00
415,24.97,42.21,951.38,2026-09-28 21:24:01+02:00
416,24.95,42.2,951.38,2026-09-28 21:25:00+02:00
417,24.94,42.19,951.38,2026-09-28 21:25:51+02:00
418,24.93,42.18,951.38,2026-09-28 21:27:00+02:00
419,24.92,42.18,951.4,2026-09-28 21:28:01+02:00
420,24.9,42.18,951.42,2026-09-28 21:29:01+02:00
421,24.89,42.17,951.42,2026-09-28 21:29:51+02:00
422,24.87,42.16,951.42,2026-09-28 21:31:01+02:00
423,24.86,42.15,951.42,2026-09-28 21:32:01+02:00
424,24.85,42.15,951.42,2026-09-28 21:32:51+02:00
425,24.83,42.15,951.42,2026-09-28 21:33:51+02:00
426,24.82,42.14,951.43,2026-09-28 21:35:01+02:00
427,24.8,42.14,951.43,2026-09-28 21:36:01+02:00
428,24.78,42.14,951.43,2026-09-28 21:37:01+02:00
429,24.77,42.14,951.44,2026-09-28 21:38:01+02:00
430,24.76,42.14,951.44,2026-09-28 21:39:01+02:00
431,24.75,42.13,951.46,2026-09-28 21:40:01+02:00
432,24.73,42.13,951.46,2026-09-28 21:41:01+02:00
433,24.71,42.12,951.46,2026-09-28 21:42:00+02:00
434,24.7,42.11,951.47,2026-09-28 21:43:01+02:00
435,24.69,42.12,951.48,2026-09-28 21:44:01+02:00
436,24.67,42.12,951.47,2026-09-28 21:44:51+02:00
437,24.65,42.11,951.47,2026-09-28 21:46:01+02:00
438,24.64,42.11,951.46,2026-09-28 21:47:01+02:00
439,24.62,42.11,951.47,2026-09-28 21:47:51+02:00
440,24.61,42.11,951.47,2026-09-28 21:49:00+02:00
441,24.6,42.1,951.47,2026-09-28 21:50:01+02:00
442,24.58,42.1,951.47,2026-09-28 21:51:01+02:00
443,24.57,42.1,951.47,2026-09-28 21:52:01+02:00
444,24.55,42.09,951.48,2026-09-28 21:53:01+02:00
445,24.54,42.1,951.48,2026-09-28 21:54:01+02:00
446,24.52,42.08,951.49,2026-09-28 21:54:51+02:00
447,24.51,42.08,951.5,2026-09-28 21:55:51+02:00
448,24.49,42.08,951.5,2026-09-28 21:57:01+02:00
449,24.48,42.08,951.51,2026-09-28 21:57:51+02:00
450,24.46,42.07,951.51,2026-09-28 21:59:01+02:00
451,24.45,42.06,951.52,2026-09-28 21:59:51+02:00
452,24.43,42.06,951.54,2026-09-28 22:00:51+02:00
453,24.42,42.05,951.54,2026-09-28 22:01:51+02:00
454,24.41,42.05,951.55,2026-09-28 22:03:01+02:00
455,24.39,42.05,951.55,2026-09-28 22:04:01+02:00
456,24.38,42.05,951.56,2026-09-28 22:04:51+02:00
457,24.37,42.04,951.57,2026-09-28 22:05:51+02:00
458,24.35,42.03,951.56,2026-09-28 22:06:51+02:00
459,24.34,42.02,951.56,2026-09-28 22:08:00+02:00
460,24.32,42.02,951.57,2026-09-28 22:08:51+02:00
461,24.3,42.02,951.57,2026-09-28 22:10:01+02:00
462,24.29,42.03,951.57,2026-09-28 22:11:01+02:00
463,24.27,42.04,951.57,2026-09-28 22:11:51+02:00
464,24.26,42.03,951.58,2026-09-28 22:13:00+02:00
465,24.25,42.02,951.58,2026-09-28 22:14:01+02:00
466,24.24,42.02,951.59,2026-09-28 22:14:51+02:00
467,24.22,42.01,951.61,2026-09-28 22:16:01+02:00
468,24.21,42.01,951.62,2026-09-28 22:16:51+02:00
469,24.19,42.0,951.61,2026-09-28 22:18:01+02:00
470,24.18,42.0,951.61,2026-09-28 22:18:51+02:00
471,24.17,42.0,951.61,2026-09-28 22:20:01+02:00
472,24.15,42.0,951.61,2026-09-28 22:20:51+02:00
473,24.14,42.0,951.62,2026-09-28 22:22:01+02:00
474,24.12,41.99,951.62,2026-09-28 22:23:01+02:00
475,24.11,41.99,951.63,2026-09-28 22:24:01+02:00
476,24.09,41.98,951.64,2026-09-28 22:25:00+02:00
477,24.08,41.97,951.65,2026-09-28 22:26:01+02:00
478,24.07,41.98,951.65,2026-09-28 22:27:01+02:00
479,24.05,41.98,951.66,2026-09-28 22:28:00+02:00
480,24.03,41.98,951.66,2026-09-28 22:29:01+02:00
481,24.01,41.98,951.65,2026-09-28 22:30:01+02:00
482,24.0,41.98,951.65,2026-09-28 22:31:01+02:00
483,23.98,41.97,951.65,2026-09-28 22:32:01+02:00
484,23.97,41.97,951.64,2026-09-28 22:32:51+02:00
485,23.96,41.97,951.64,2026-09-28 22:34:01+02:00
486,23.94,41.97,951.65,2026-09-28 22:35:01+02:00
487,23.93,41.97,951.66,2026-09-28 22:35:51+02:00
488,23.91,41.97,951.66,2026-09-28 22:37:01+02:00
489,23.9,41.97,951.67,2026-09-28 22:38:01+02:00
490,23.88,41.97,951.66,2026-09-28 22:38:51+02:00
491,23.87,41.96,951.67,2026-09-28 22:40:01+02:00
492,23.86,41.96,951.67,2026-09-28 22:41:01+02:00
493,23.84,41.96,951.67,2026-09-28 22:42:01+02:00
494,23.82,41.96,951.66,2026-09-28 22:42:51+02:00
495,23.81,41.96,951.67,2026-09-28 22:44:01+02:00
496,23.79,41.95,951.66,2026-09-28 22:45:01+02:00
497,23.78,41.95,951.67,2026-09-28 22:46:01+02:00
498,23.76,41.95,951.68,2026-09-28 22:47:01+02:00
499,23.75,41.95,951.7,2026-09-28 22:48:01+02:00
500,23.73,41.95,951.7,2026-09-28 22:49:01+02:00
501,23.72,41.94,951.71,2026-09-28 22:50:01+02:00
502,23.7,41.95,951.71,2026-09-28 22:50:51+02:00
503,23.69,41.95,951.71,2026-09-28 22:52:01+02:00
504,23.68,41.95,951.7,2026-09-28 22:53:01+02:00
505,23.66,41.95,951.72,2026-09-28 22:54:01+02:00
506,23.65,41.95,951.74,2026-09-28 22:55:01+02:00
507,23.64,41.95,951.76,2026-09-28 22:56:01+02:00
508,23.62,41.95,951.77,2026-09-28 22:57:01+02:00
509,23.61,41.94,951.77,2026-09-28 22:58:01+02:00
510,23.59,41.94,951.77,2026-09-28 22:59:01+02:00
511,23.58,41.95,951.77,2026-09-28 23:00:01+02:00
512,23.56,41.94,951.79,2026-09-28 23:01:01+02:00
513,23.55,41.95,951.79,2026-09-28 23:02:01+02:00
514,23.54,41.94,951.8,2026-09-28 23:03:01+02:00
515,23.52,41.93,951.81,2026-09-28 23:04:01+02:00
516,23.51,41.94,951.82,2026-09-28 23:05:01+02:00
517,23.49,41.94,951.82,2026-09-28 23:06:01+02:00
518,23.48,41.94,951.84,2026-09-28 23:07:01+02:00
519,23.46,41.95,951.84,2026-09-28 23:08:01+02:00
520,23.45,41.95,951.85,2026-09-28 23:08:51+02:00
521,23.44,41.94,951.86,2026-09-28 23:10:01+02:00
522,23.42,41.94,951.87,2026-09-28 23:11:01+02:00
523,23.41,41.94,951.88,2026-09-28 23:12:01+02:00
524,23.4,41.95,951.89,2026-09-28 23:13:01+02:00
525,23.38,41.93,951.89,2026-09-28 23:13:51+02:00
526,23.36,41.94,951.89,2026-09-28 23:15:01+02:00
527,23.34,41.94,951.91,2026-09-28 23:16:01+02:00
528,23.33,41.94,951.9,2026-09-28 23:17:01+02:00
529,23.32,41.94,951.9,2026-09-28 23:17:51+02:00
530,23.3,41.94,951.91,2026-09-28 23:19:01+02:00
531,23.29,41.94,951.92,2026-09-28 23:20:01+02:00
532,23.27,41.94,951.93,2026-09-28 23:21:01+02:00
533,23.26,41.94,951.93,2026-09-28 23:22:01+02:00
534,23.24,41.95,951.95,2026-09-28 23:23:01+02:00
535,23.23,41.94,951.96,2026-09-28 23:24:01+02:00
536,23.21,41.94,951.96,2026-09-28 23:25:01+02:00
537,23.2,41.94,951.96,2026-09-28 23:26:01+02:00
538,23.18,41.93,951.96,2026-09-28 23:27:01+02:00
539,23.17,41.94,951.96,2026-09-28 23:28:01+02:00
540,23.15,41.94,951.98,2026-09-28 23:29:01+02:00
541,23.14,41.95,951.99,2026-09-28 23:30:01+02:00
542,23.12,41.95,951.99,2026-09-28 23:31:01+02:00
543,23.11,41.95,952.01,2026-09-28 23:32:01+02:00
544,23.1,41.95,952.02,2026-09-28 23:33:01+02:00
545,23.08,41.95,952.03,2026-09-28 23:34:01+02:00
546,23.07,41.95,952.02,2026-09-28 23:35:01+02:00
547,23.05,41.95,952.02,2026-09-28 23:36:01+02:00
548,23.04,41.95,952.02,2026-09-28 23:37:01+02:00
549,23.03,41.95,952.03,2026-09-28 23:38:01+02:00
550,23.02,41.95,952.02,2026-09-28 23:39:01+02:00
551,23.0,41.95,952.03,2026-09-28 23:40:01+02:00
552,22.98,41.95,952.03,2026-09-28 23:41:01+02:00
553,22.97,41.95,952.03,2026-09-28 23:42:01+02:00
554,22.96,41.95,952.03,2026-09-28 23:43:01+02:00
555,22.95,41.95,952.02,2026-09-28 23:44:01+02:00
556,22.94,41.95,952.02,2026-09-28 23:45:01+02:00
557,22.92,41.94,952.01,2026-09-28 23:46:01+02:00
558,22.91,41.95,952.01,2026-09-28 23:47:01+02:00
559,22.89,41.95,951.99,2026-09-28 23:48:01+02:00
560,22.88,41.95,951.99,2026-09-28 23:49:01+02:00
561,22.86,41.95,952.0,2026-09-28 23:50:01+02:00
562,22.85,41.96,952.0,2026-09-28 23:51:01+02:00
563,22.83,41.95,951.99,2026-09-28 23:52:01+02:00
564,22.82,41.96,952.0,2026-09-28 23:53:01+02:00
565,22.8,41.97,952.02,2026-09-28 23:54:01+02:00
566,22.79,41.96,952.01,2026-09-28 23:55:01+02:00
567,22.77,41.97,952.03,2026-09-28 23:56:01+02:00
568,22.76,41.97,952.04,2026-09-28 23:57:01+02:00
569,22.75,41.97,952.05,2026-09-28 23:58:01+02:00
570,22.73,41.97,952.05,2026-09-28 23:59:01+02:00
571,22.71,41.97,952.07,2026-09-29 00:00:01+02:00
572,22.7,41.97,952.06,2026-09-29 00:01:01+02:00
573,22.68,41.97,952.06,2026-09-29 00:02:01+02:00
574,22.66,41.96,952.05,2026-09-29 00:03:01+02:00
575,22.65,41.96,952.06,2026-09-29 00:04:01+02:00
576,22.64,41.97,952.06,2026-09-29 00:05:01+02:00
577,22.62,41.97,952.06,2026-09-29 00:06:01+02:00
578,22.61,41.98,952.06,2026-09-29 00:07:01+02:00
579,22.59,41.97,952.06,2026-09-29 00:08:01+02:00
580,22.58,41.98,952.05,2026-09-29 00:09:01+02:00
581,22.56,41.98,952.05,2026-09-29 00:10:01+02:00
582,22.54,41.99,952.04,2026-09-29 00:11:01+02:00
583,22.53,41.98,952.05,2026-09-29 00:12:01+02:00
584,22.51,41.99,952.05,2026-09-29 00:13:01+02:00
585,22.5,42.0,952.04,2026-09-29 00:14:01+02:00
586,22.48,42.0,952.04,2026-09-29 00:15:01+02:00
587,22.47,42.0,952.05,2026-09-29 00:16:01+02:00
588,22.46,42.0,952.04,2026-09-29 00:17:01+02:00
589,22.45,42.01,952.04,2026-09-29 00:18:01+02:00
590,22.43,42.01,952.04,2026-09-29 00:19:01+02:00
591,22.41,42.01,952.05,2026-09-29 00:20:01+02:00
592,22.4,42.01,952.06,2026-09-29 00:21:01+02:00
593,22.38,42.02,952.07,2026-09-29 00:22:01+02:00
594,22.37,42.02,952.07,2026-09-29 00:23:01+02:00
595,22.36,42.02,952.08,2026-09-29 00:24:01+02:00
596,22.34,42.02,952.09,2026-09-29 00:25:01+02:00
597,22.33,42.02,952.1,2026-09-29 00:26:01+02:00
598,22.32,42.02,952.11,2026-09-29 00:27:01+02:00
599,22.3,42.03,952.12,2026-09-29 00:28:01+02:00
600,22.29,42.03,952.13,2026-09-29 00:29:01+02:00
601,22.27,42.04,952.13,2026-09-29 00:30:01+02:00
602,22.26,42.04,952.13,2026-09-29 00:31:01+02:00
603,22.24,42.04,952.13,2026-09-29 00:32:01+02:00
604,22.23,42.04,952.14,2026-09-29 00:33:01+02:00
605,22.21,42.04,952.14,2026-09-29 00:34:01+02:00
606,22.2,42.04,952.13,2026-09-29 00:35:01+02:00
607,22.18,42.05,952.14,2026-09-29 00:36:01+02:00
608,22.17,42.05,952.15,2026-09-29 00:37:01+02:00
609,22.15,42.05,952.16,2026-09-29 00:38:01+02:00
610,22.14,42.05,952.15,2026-09-29 00:39:01+02:00
611,22.13,42.05,952.15,2026-09-29 00:40:01+02:00
612,22.11,42.05,952.14,2026-09-29 00:41:01+02:00
613,22.1,42.05,952.15,2026-09-29 00:42:01+02:00
614,22.08,42.05,952.14,2026-09-29 00:43:01+02:00
615,22.06,42.05,952.14,2026-09-29 00:44:01+02:00
616,22.05,42.06,952.13,2026-09-29 00:45:01+02:00
617,22.03,42.06,952.13,2026-09-29 00:46:01+02:00
618,22.02,42.06,952.14,2026-09-29 00:47:01+02:00
619,22.0,42.06,952.13,2026-09-29 00:48:01+02:00
620,21.99,42.07,952.14,2026-09-29 00:49:01+02:00
621,21.97,42.06,952.14,2026-09-29 00:50:01+02:00
622,21.96,42.07,952.15,2026-09-29 00:51:01+02:00
623,21.94,42.08,952.14,2026-09-29 00:52:01+02:00
624,21.93,42.09,952.15,2026-09-29 00:53:01+02:00
625,21.91,42.08,952.15,2026-09-29 00:54:01+02:00
626,21.89,42.09,952.14,2026-09-29 00:55:01+02:00
627,21.88,42.1,952.15,2026-09-29 00:56:01+02:00
628,21.86,42.09,952.15,2026-09-29 00:57:01+02:00
629,21.85,42.1,952.15,2026-09-29 00:58:01+02:00
630,21.83,42.11,952.16,2026-09-29 00:59:01+02:00
631,21.82,42.1,952.16,2026-09-29 01:00:01+02:00
632,21.8,42.11,952.17,2026-09-29 01:01:01+02:00
633,21.79,42.12,952.17,2026-09-29 01:02:01+02:00
634,21.78,42.13,952.18,2026-09-29 01:03:01+02:00
635,21.76,42.14,952.18,2026-09-29 01:04:01+02:00
636,21.75,42.13,952.18,2026-09-29 01:05:01+02:00
637,21.73,42.14,952.19,2026-09-29 01:06:01+02:00
638,21.72,42.14,952.18,2026-09-29 01:07:01+02:00
639,21.7,42.14,952.18,2026-09-29 01:08:01+02:00
640,21.69,42.14,952.19,2026-09-29 01:09:01+02:00
641,21.68,42.13,952.18,2026-09-29 01:10:01+02:00
642,21.66,42.13,952.19,2026-09-29 01:11:01+02:00
643,21.65,42.14,952.19,2026-09-29 01:12:01+02:00
644,21.63,42.14,952.2,2026-09-29 01:13:01+02:00
645,21.62,42.14,952.21,2026-09-29 01:14:01+02:00
646,21.6,42.15,952.21,2026-09-29 01:15:01+02:00
647,21.58,42.15,952.22,2026-09-29 01:16:01+02:00
648,21.57,42.15,952.24,2026-09-29 01:17:01+02:00
649,21.55,42.16,952.25,2026-09-29 01:18:01+02:00
650,21.54,42.16,952.25,2026-09-29 01:19:01+02:00
651,21.52,42.16,952.26,2026-09-29 01:20:01+02:00
652,21.51,42.17,952.27,2026-09-29 01:21:01+02:00
653,21.5,42.16,952.29,2026-09-29 01:22:01+02:00
654,21.48,42.17,952.29,2026-09-29 01:23:01+02:00
655,21.47,42.17,952.28,2026-09-29 01:24:01+02:00
656,21.46,42.17,952.27,2026-09-29 01:25:01+02:00
657,21.44,42.18,952.27,2026-09-29 01:26:01+02:00
658,21.42,42.18,952.28,2026-09-29 01:27:01+02:00
659,21.41,42.18,952.28,2026-09-29 01:28:01+02:00
660,21.39,42.17,952.28,2026-09-29 01:29:01+02:00
661,21.38,42.18,952.3,2026-09-29 01:30:01+02:00
662,21.36,42.18,952.31,2026-09-29 01:31:01+02:00
663,21.35,42.18,952.3,2026-09-29 01:32:01+02:00
664,21.33,42.18,952.3,2026-09-29 01:33:01+02:00
665,21.32,42.18,952.32,2026-09-29 01:34:01+02:00
666,21.31,42.19,952.32,2026-09-29 01:35:01+02:00
667,21.29,42.2,952.31,2026-09-29 01:36:01+02:00
668,21.28,42.19,952.31,2026-09-29 01:37:01+02:00
669,21.26,42.19,952.32,2026-09-29 01:38:01+02:00
670,21.25,42.19,952.33,2026-09-29 01:39:01+02:00
671,21.23,42.19,952.35,2026-09-29 01:40:01+02:00
672,21.22,42.19,952.34,2026-09-29 01:41:01+02:00
673,21.2,42.2,952.35,2026-09-29 01:42:01+02:00
674,21.19,42.2,952.35,2026-09-29 01:43:01+02:00
675,21.17,42.21,952.35,2026-09-29 01:44:01+02:00
676,21.16,42.21,952.35,2026-09-29 01:45:01+02:00
677,21.14,42.21,952.36,2026-09-29 01:46:01+02:00
678,21.13,42.22,952.36,2026-09-29 01:47:01+02:00
679,21.12,42.21,952.37,2026-09-29 01:48:01+02:00
680,21.11,42.21,952.37,2026-09-29 01:49:01+02:00
681,21.09,42.22,952.36,2026-09-29 01:50:01+02:00
682,21.08,42.21,952.35,2026-09-29 01:51:01+02:00
683,21.07,42.21,952.34,2026-09-29 01:52:01+02:00
684,21.05,42.21,952.34,2026-09-29 01:53:01+02:00
685,21.04,42.22,952.34,2026-09-29 01:54:01+02:00
686,21.02,42.23,952.35,2026-09-29 01:55:01+02:00
687,21.01,42.24,952.34,2026-09-29 01:56:01+02:00
688,21.0,42.23,952.33,2026-09-29 01:57:01+02:00
689,20.99,42.23,952.34,2026-09-29 01:58:01+02:00
690,20.98,42.24,952.34,2026-09-29 01:59:01+02:00
691,20.96,42.24,952.35,2026-09-29 02:00:01+02:00
692,20.95,42.24,952.33,2026-09-29 02:01:01+02:00
693,20.93,42.24,952.31,2026-09-29 02:02:01+02:00
694,20.92,42.24,952.31,2026-09-29 02:03:01+02:00
695,20.91,42.25,952.29,2026-09-29 02:03:51+02:00
696,20.89,42.25,952.31,2026-09-29 02:05:01+02:00
697,20.88,42.25,952.32,2026-09-29 02:06:01+02:00
698,20.87,42.24,952.33,2026-09-29 02:07:01+02:00
699,20.86,42.25,952.34,2026-09-29 02:08:01+02:00
700,20.84,42.25,952.34,2026-09-29 02:09:01+02:00
701,20.83,42.26,952.33,2026-09-29 02:10:01+02:00
702,20.82,42.25,952.34,2026-09-29 02:11:01+02:00
703,20.81,42.26,952.33,2026-09-29 02:12:01+02:00
704,20.79,42.27,952.33,2026-09-29 02:13:01+02:00
705,20.77,42.28,952.32,2026-09-29 02:14:01+02:00
706,20.76,42.29,952.31,2026-09-29 02:15:01+02:00
707,20.74,42.3,952.31,2026-09-29 02:16:01+02:00
708,20.73,42.3,952.31,2026-09-29 02:17:01+02:00
709,20.72,42.3,952.31,2026-09-29 02:18:01+02:00
710,20.7,42.3,952.32,2026-09-29 02:19:01+02:00
711,20.69,42.3,952.32,2026-09-29 02:20:01+02:00
712,20.67,42.31,952.32,2026-09-29 02:21:01+02:00
713,20.65,42.31,952.32,2026-09-29 02:22:01+02:00
714,20.64,42.32,952.32,2026-09-29 02:23:01+02:00
715,20.62,42.32,952.32,2026-09-29 02:24:01+02:00
716,20.6,42.33,952.32,2026-09-29 02:25:01+02:00
717,20.58,42.33,952.31,2026-09-29 02:26:01+02:00
718,20.57,42.34,952.3,2026-09-29 02:27:01+02:00
719,20.55,42.35,952.3,2026-09-29 02:28:01+02:00
720,20.53,42.36,952.3,2026-09-29 02:29:01+02:00
721,20.52,42.37,952.29,2026-09-29 02:30:01+02:00
722,20.5,42.37,952.3,2026-09-29 02:31:01+02:00
723,20.48,42.38,952.28,2026-09-29 02:32:01+02:00
724,20.46,42.39,952.27,2026-09-29 02:33:01+02:00
725,20.44,42.39,952.27,2026-09-29 02:34:01+02:00
726,20.42,42.39,952.27,2026-09-29 02:35:01+02:00
727,20.4,42.4,952.26,2026-09-29 02:36:01+02:00
728,20.38,42.42,952.27,2026-09-29 02:37:01+02:00
729,20.36,42.44,952.27,2026-09-29 02:38:01+02:00
730,20.33,42.46,952.28,2026-09-29 02:39:01+02:00
731,15.84,50.57,892.08,2026-09-29 10:00:44+02:00
732,14.45,51.74,892.06,2026-09-29 10:01:44+02:00
733,13.3,53.7,892.06,2026-09-29 10:02:44+02:00
734,12.11,57.75,892.06,2026-09-29 10:03:35+02:00
735,11.45,58.83,892.04,2026-09-29 10:04:44+02:00
736,11.18,58.94,892.03,2026-09-29 10:05:35+02:00
737,11.03,59.53,892.02,2026-09-29 10:06:44+02:00
738,11.16,59.11,892.01,2026-09-29 10:07:44+02:00
739,11.31,58.33,892.02,2026-09-29 10:08:35+02:00
740,18.94,44.98,813.42,
741,19.26,44.04,813.39,
742,19.81,43.18,813.38,
743,20.67,42.15,813.39,
744,21.63,40.89,813.4,
745,22.56,39.81,813.41,
746,23.35,38.8,813.41,
747,24.02,38.04,813.41,
748,24.56,37.46,813.41,
749,25.01,36.96,813.41,
750,25.29,36.23,813.38,
751,25.52,36.25,813.38,
752,25.81,36.24,813.39,
753,26.13,36.09,813.39,
754,26.41,35.88,813.4,
755,26.65,35.64,813.4,
756,26.86,35.54,813.4,
757,27.05,35.4,813.41,
758,27.24,35.26,813.41,
759,27.42,35.21,813.39,
760,27.53,35.18,813.38,
761,27.7,34.99,813.38,
762,27.85,34.84,813.38,
763,27.98,34.6,813.4,
764,28.13,34.35,813.39,
765,28.29,34.25,813.38,
766,28.42,33.81,813.39,
767,28.54,33.85,813.38,
768,28.65,33.78,813.39,
769,28.75,33.66,813.38,
770,28.85,33.61,813.37,
771,28.93,33.48,813.35,
772,29.03,33.29,813.34,
773,29.11,33.19,813.36,
774,29.18,33.03,813.36,
775,29.25,32.86,813.34,
776,29.3,32.75,813.32,
777,29.34,32.65,813.34,
778,29.39,32.57,813.33,
779,29.45,32.41,813.29,
780,29.49,32.22,813.27,
781,29.53,31.99,813.26,
782,29.57,31.92,813.25,
783,29.6,31.78,813.23,
784,29.63,31.78,813.24,
785,29.66,31.58,813.24,
786,29.69,31.5,813.25,
787,29.71,31.4,813.22,
788,29.72,31.27,813.2,
789,29.74,31.21,813.21,
790,29.77,31.05,813.22,
791,29.8,31.01,813.21,
792,29.81,30.77,813.2,
793,29.83,30.84,813.18,
794,29.85,30.76,813.18,
795,29.87,30.7,813.18,
796,29.89,30.66,813.17,
797,29.91,30.6,813.17,
798,29.92,30.41,813.16,
799,29.92,30.39,813.15,
800,29.94,30.31,813.13,
801,29.95,30.26,813.12,
802,29.97,30.17,813.1,
803,29.98,30.09,813.09,
804,30.0,30.01,813.08,
805,30.01,29.9,813.09,
806,30.02,29.83,813.08,
807,30.02,29.81,813.07,
808,30.04,29.74,813.06,
809,30.05,29.76,813.06,
810,30.06,29.7,813.04,
811,30.08,29.59,813.04,
812,30.1,29.51,813.05,
813,30.13,29.46,813.05,
814,30.14,29.43,813.05,
815,30.15,29.4,813.05,
816,30.16,29.3,813.06,
817,30.18,29.27,813.06,
818,30.19,29.23,813.06,
819,30.2,29.12,813.07,
820,30.22,29.07,813.07,
821,30.23,28.92,813.06,
822,30.24,28.87,813.06,
823,30.25,28.88,813.07,
824,30.25,28.82,813.07,
825,30.27,28.79,813.08,
826,30.28,28.74,813.08,
827,30.29,28.68,813.08,
828,30.3,28.66,813.08,
829,30.31,28.58,813.09,
830,30.33,28.48,813.09,
831,30.34,28.49,813.09,
832,30.34,28.48,813.08,
833,30.35,28.42,813.07,
834,30.36,28.36,813.07,
835,30.38,28.25,813.06,
836,30.39,28.26,813.07,
837,30.38,28.26,813.05,
838,30.39,28.21,813.06,
839,30.4,28.2,813.06,
840,30.4,28.16,813.05,
841,30.41,28.11,813.05,
842,30.43,28.01,813.07,
843,30.45,27.99,813.09,
844,30.46,27.98,813.09,
845,30.46,27.95,813.09,
846,30.46,27.92,813.09,
847,30.46,27.88,813.07,
848,30.47,27.87,813.06,
849,30.49,27.88,813.07,
850,30.51,27.79,813.08,
851,30.51,27.81,813.09,
852,30.5,27.85,813.1,
853,30.5,27.85,813.09,
854,30.52,27.89,813.1,
855,30.56,27.86,813.1,
856,30.58,27.84,813.1,
857,30.56,27.94,813.08,
858,23.56,31.31,813.32,2026-09-29 15:27:02+02:00
859,24.3,30.5,813.35,2026-09-29 15:28:02+02:00
860,24.47,30.34,813.34,2026-09-29 15:29:02+02:00
861,24.49,31.34,813.36,2026-09-29 15:30:02+02:00
862,24.27,31.49,813.38,2026-09-29 15:30:53+02:00
863,24.0,30.24,813.38,2026-09-29 15:32:02+02:00
864,23.61,30.4,813.39,2026-09-29 15:33:02+02:00
865,23.41,30.67,813.39,2026-09-29 15:34:02+02:00
866,23.31,30.61,813.39,2026-09-29 15:35:02+02:00
867,23.23,30.95,813.4,2026-09-29 15:36:02+02:00
868,23.01,31.17,813.4,2026-09-29 15:36:59+02:00
869,22.95,31.06,813.4,2026-09-29 15:37:59+02:00
870,23.02,31.02,813.39,2026-09-29 15:38:59+02:00
871,23.04,31.33,813.38,2026-09-29 15:39:59+02:00
872,23.02,31.27,813.38,2026-09-29 15:40:50+02:00
873,22.99,31.73,813.38,2026-09-29 15:41:50+02:00
874,22.91,31.73,813.38,2026-09-29 15:42:59+02:00
875,22.84,31.85,813.39,2026-09-29 15:43:50+02:00
876,22.72,31.81,813.39,2026-09-29 15:44:59+02:00
877,22.49,32.09,813.4,2026-09-29 15:45:59+02:00
878,22.47,32.28,813.4,2026-09-29 15:46:50+02:00
879,22.47,32.9,813.4,2026-09-29 15:47:50+02:00
880,22.55,32.69,813.38,2026-09-29 15:48:50+02:00
881,22.57,33.12,813.38,2026-09-29 15:49:59+02:00
882,22.51,33.11,813.37,2026-09-29 15:50:50+02:00
883,22.26,33.31,813.4,2026-09-29 15:51:50+02:00
884,22.32,33.73,813.41,2026-09-29 15:52:50+02:00
885,22.32,33.38,813.41,2026-09-29 15:53:50+02:00
886,22.33,33.73,813.4,2026-09-29 15:54:50+02:00
887,22.26,34.12,813.39,2026-09-29 15:55:50+02:00
888,22.21,34.01,813.4,2026-09-29 15:56:50+02:00
889,22.15,34.5,813.42,2026-09-29 15:57:50+02:00
890,22.2,34.01,813.43,2026-09-29 15:58:59+02:00
891,22.36,34.38,813.44,2026-09-29 15:59:59+02:00
892,22.46,33.95,813.44,2026-09-29 16:00:59+02:00
893,22.33,33.95,813.44,2026-09-29 16:01:50+02:00
894,21.97,34.4,813.43,2026-09-29 16:02:59+02:00
895,21.8,34.59,813.43,2026-09-29 16:03:59+02:00
896,21.76,34.74,813.43,2026-09-29 16:04:59+02:00
897,21.76,35.01,813.43,2026-09-29 16:05:50+02:00
898,21.82,34.57,813.43,2026-09-29 16:06:59+02:00
899,21.85,34.65,813.43,2026-09-29 16:07:50+02:00
900,21.84,34.75,813.45,2026-09-29 16:08:59+02:00
901,21.88,35.01,813.45,2026-09-29 16:09:50+02:00
902,21.87,35.17,813.45,2026-09-29 16:10:59+02:00
903,21.84,35.47,813.46,2026-09-29 16:11:59+02:00
904,21.85,35.22,813.47,2026-09-29 16:12:59+02:00
905,21.73,34.5,813.47,2026-09-29 16:13:59+02:00
906,21.6,34.76,813.49,2026-09-29 16:14:59+02:00
907,21.59,35.75,813.5,2026-09-29 16:15:59+02:00
908,21.5,35.65,813.5,2026-09-29 16:16:59+02:00
909,21.48,36.21,813.49,2026-09-29 16:17:59+02:00
910,21.62,35.68,813.49,2026-09-29 16:18:59+02:00
911,21.69,35.32,813.5,2026-09-29 16:19:59+02:00
912,21.71,35.05,813.5,2026-09-29 16:20:59+02:00
913,21.7,35.23,813.52,2026-09-29 16:21:59+02:00
914,21.67,35.82,813.53,2026-09-29 16:22:59+02:00
915,21.77,36.14,813.53,2026-09-29 16:23:50+02:00
916,21.89,35.89,813.52,2026-09-29 16:24:50+02:00
917,21.96,35.83,813.54,2026-09-29 16:25:59+02:00
918,21.95,35.72,813.54,2026-09-29 16:26:59+02:00
919,21.87,36.03,813.55,2026-09-29 16:27:59+02:00
920,21.79,36.21,813.55,2026-09-29 16:28:59+02:00
921,21.79,36.24,813.57,2026-09-29 16:29:59+02:00
922,21.8,36.02,813.57,2026-09-29 16:30:59+02:00
923,21.73,36.47,813.57,2026-09-29 16:31:50+02:00
924,21.69,36.37,813.57,2026-09-29 16:32:59+02:00
925,21.54,36.72,813.57,2026-09-29 16:33:59+02:00
926,21.42,36.86,813.57,2026-09-29 16:34:50+02:00
927,21.25,37.48,813.58,2026-09-29 16:35:59+02:00
928,21.08,37.08,813.57,2026-09-29 16:36:50+02:00
929,20.94,37.38,813.56,2026-09-29 16:37:59+02:00
930,20.89,37.6,813.57,2026-09-29 16:38:50+02:00
931,20.83,37.36,813.58,2026-09-29 16:39:50+02:00
932,20.76,37.47,813.57,2026-09-29 16:40:50+02:00
933,20.65,38.26,813.58,2026-09-29 16:41:50+02:00
934,20.63,37.92,813.58,2026-09-29 16:42:50+02:00
935,20.53,38.05,813.59,2026-09-29 16:43:50+02:00
936,20.49,38.39,813.6,2026-09-29 16:44:50+02:00
937,20.51,38.46,813.6,2026-09-29 16:45:50+02:00
938,20.49,38.59,813.6,2026-09-29 16:46:59+02:00
939,20.44,38.45,813.61,2026-09-29 16:47:59+02:00
940,20.41,38.49,813.62,2026-09-29 16:48:59+02:00
941,20.43,38.33,813.62,2026-09-29 16:49:59+02:00
942,20.44,38.34,813.63,2026-09-29 16:50:59+02:00
943,20.36,38.74,813.63,2026-09-29 16:51:50+02:00
944,20.26,38.89,813.63,2026-09-29 16:52:50+02:00
945,20.22,38.97,813.63,2026-09-29 16:53:59+02:00
946,20.22,39.08,813.63,2026-09-29 16:54:59+02:00
947,20.14,39.19,813.63,2026-09-29 16:55:50+02:00
948,20.15,39.22,813.64,2026-09-29 16:56:59+02:00
949,20.11,38.88,813.64,2026-09-29 16:57:50+02:00
950,20.04,39.67,813.64,2026-09-29 16:58:50+02:00
951,20.06,39.1,813.66,2026-09-29 16:59:59+02:00
952,20.01,38.99,813.66,2026-09-29 17:00:59+02:00
953,19.95,38.95,813.67,2026-09-29 17:01:59+02:00
954,19.87,39.51,813.7,2026-09-29 17:02:59+02:00
955,19.84,39.93,813.71,2026-09-29 17:03:50+02:00
956,19.87,39.99,813.71,2026-09-29 17:04:50+02:00
957,19.96,40.15,813.69,2026-09-29 17:05:50+02:00
958,20.08,39.65,813.69,2026-09-29 17:06:50+02:00
959,20.07,39.53,813.69,2026-09-29 17:07:59+02:00
960,20.03,39.71,813.69,2026-09-29 17:08:50+02:00
961,19.98,39.67,813.71,2026-09-29 17:09:59+02:00
962,19.94,39.53,813.74,2026-09-29 17:10:50+02:00
963,19.93,39.45,813.75,2026-09-29 17:11:59+02:00
964,19.89,39.34,813.75,2026-09-29 17:12:59+02:00
965,19.76,39.76,813.76,2026-09-29 17:13:50+02:00
966,19.51,40.58,813.75,2026-09-29 17:14:50+02:00
967,19.35,40.52,813.76,2026-09-29 17:15:59+02:00
968,19.25,40.6,813.77,2026-09-29 17:16:50+02:00
969,19.06,41.13,813.8,2026-09-29 17:17:50+02:00
970,18.82,41.53,813.79,2026-09-29 17:18:59+02:00
971,18.6,42.09,813.8,2026-09-29 17:19:50+02:00
972,18.4,42.4,813.8,2026-09-29 17:20:50+02:00
973,18.28,42.49,813.82,2026-09-29 17:21:50+02:00
974,18.14,42.74,813.81,2026-09-29 17:22:50+02:00
975,18.06,42.68,813.8,2026-09-29 17:23:50+02:00
976,18.12,42.57,813.81,2026-09-29 17:24:50+02:00
977,18.08,43.01,813.83,2026-09-29 17:25:59+02:00
978,17.89,43.43,813.83,2026-09-29 17:26:59+02:00
979,17.72,43.91,813.84,2026-09-29 17:27:59+02:00
980,17.55,43.81,813.83,2026-09-29 17:28:50+02:00
981,17.5,43.59,813.85,2026-09-29 17:29:59+02:00
982,17.42,44.13,813.85,2026-09-29 17:30:50+02:00
983,17.28,44.49,813.88,2026-09-29 17:31:59+02:00
984,17.31,43.68,813.87,2026-09-29 17:32:50+02:00
985,17.35,43.74,813.87,2026-09-29 17:33:59+02:00
986,17.37,43.77,813.86,2026-09-29 17:34:50+02:00
987,17.34,44.32,813.88,2026-09-29 17:35:59+02:00
988,17.16,44.96,813.92,2026-09-29 17:36:50+02:00
989,16.99,45.21,813.92,2026-09-29 17:37:50+02:00
990,16.86,45.64,813.92,2026-09-29 17:38:59+02:00
991,16.82,45.26,813.92,2026-09-29 17:39:50+02:00
992,16.88,45.63,813.95,2026-09-29 17:40:50+02:00
993,16.75,45.98,813.96,2026-09-29 17:41:50+02:00
994,16.64,46.05,813.97,2026-09-29 17:42:50+02:00
995,16.52,46.13,813.99,2026-09-29 17:43:50+02:00
996,16.44,46.58,814.01,2026-09-29 17:44:50+02:00
997,16.47,46.2,814.01,2026-09-29 17:45:59+02:00
998,16.42,46.65,814.02,2026-09-29 17:46:59+02:00
999,16.28,47.17,814.03,2026-09-29 17:47:50+02:00
1000,16.18,47.27,814.03,2026-09-29 17:48:59+02:00
1001,16.04,47.46,814.04,2026-09-29 17:49:59+02:00
1002,16.01,46.9,814.07,2026-09-29 17:50:50+02:00
1003,16.01,46.71,814.08,2026-09-29 17:51:50+02:00
1004,15.95,47.85,814.09,2026-09-29 17:52:50+02:00
1005,15.85,48.11,814.1,2026-09-29 17:53:50+02:00
1006,15.76,48.27,814.11,2026-09-29 17:54:50+02:00
1007,15.69,48.56,814.11,2026-09-29 17:55:50+02:00
1008,15.6,48.91,814.11,2026-09-29 17:56:50+02:00
1009,15.5,49.21,814.11,2026-09-29 17:57:50+02:00
1010,15.43,49.31,814.12,2026-09-29 17:58:50+02:00
1011,15.35,49.7,814.14,2026-09-29 17:59:50+02:00
1012,15.26,49.94,814.15,2026-09-29 18:00:50+02:00
1013,15.18,50.35,814.16,2026-09-29 18:01:50+02:00
1014,15.05,50.77,814.18,2026-09-29 18:02:50+02:00
1015,14.9,51.41,814.19,2026-09-29 18:03:59+02:00
1016,14.78,51.26,814.21,2026-09-29 18:04:59+02:00
1017,14.68,51.69,814.23,2026-09-29 18:05:50+02:00
1018,14.55,52.02,814.23,2026-09-29 18:06:59+02:00
1019,14.46,52.15,814.26,2026-09-29 18:07:59+02:00
1020,14.41,52.12,814.26,2026-09-29 18:08:50+02:00
1021,14.4,52.06,814.27,2026-09-29 18:09:59+02:00
1022,14.4,51.91,814.28,2026-09-29 18:10:50+02:00
1023,14.41,51.82,814.28,2026-09-29 18:11:50+02:00
1024,14.45,51.37,814.27,2026-09-29 18:12:50+02:00
1025,14.43,52.08,814.28,2026-09-29 18:13:50+02:00
1026,14.36,52.3,814.28,2026-09-29 18:14:50+02:00
1027,14.26,52.33,814.28,2026-09-29 18:15:50+02:00
1028,14.24,51.98,814.29,2026-09-29 18:16:50+02:00
1029,14.23,51.84,814.29,2026-09-29 18:17:59+02:00
1030,14.2,52.32,814.3,2026-09-29 18:18:50+02:00
1031,14.13,52.87,814.32,2026-09-29 18:19:59+02:00
1032,14.05,52.93,814.35,2026-09-29 18:20:59+02:00
1033,14.0,52.74,814.36,2026-09-29 18:21:59+02:00
1034,14.05,52.27,814.36,2026-09-29 18:22:59+02:00
1035,14.16,52.43,814.35,2026-09-29 18:23:50+02:00
1036,14.14,52.65,814.37,2026-09-29 18:24:59+02:00
1037,14.07,52.75,814.39,2026-09-29 18:25:50+02:00
1038,14.02,53.4,814.4,2026-09-29 18:26:50+02:00
1039,13.91,53.66,814.41,2026-09-29 18:27:59+02:00
1040,13.82,53.93,814.42,2026-09-29 18:28:59+02:00
1041,13.72,54.15,814.42,2026-09-29 18:29:59+02:00
1042,13.62,54.16,814.43,2026-09-29 18:30:59+02:00
1043,13.53,54.19,814.45,2026-09-29 18:31:59+02:00
1044,13.48,54.04,814.46,2026-09-29 18:32:50+02:00
1045,13.44,54.28,814.46,2026-09-29 18:33:59+02:00
1046,13.41,54.14,814.48,2026-09-29 18:34:59+02:00
1047,13.37,54.69,814.48,2026-09-29 18:35:59+02:00
1048,13.27,55.02,814.5,2026-09-29 18:36:59+02:00
1049,13.21,54.79,814.52,2026-09-29 18:37:59+02:00
1050,13.16,55.06,814.52,2026-09-29 18:38:59+02:00
1051,13.09,55.51,814.53,2026-09-29 18:39:50+02:00
1052,12.99,55.67,814.53,2026-09-29 18:40:50+02:00
1053,12.94,55.66,814.53,2026-09-29 18:41:59+02:00
1054,12.93,55.46,814.53,2026-09-29 18:42:59+02:00
1055,12.96,55.21,814.55,2026-09-29 18:43:59+02:00
1056,12.98,55.54,814.55,2026-09-29 18:44:59+02:00
1057,12.94,56.2,814.57,2026-09-29 18:45:59+02:00
1058,12.84,56.38,814.57,2026-09-29 18:46:50+02:00
1059,12.79,56.4,814.58,2026-09-29 18:47:50+02:00
1060,12.72,56.83,814.58,2026-09-29 18:48:59+02:00
1061,12.66,57.11,814.6,2026-09-29 18:49:50+02:00
1062,12.66,56.97,814.6,2026-09-29 18:50:59+02:00
1063,12.67,57.19,814.61,2026-09-29 18:51:50+02:00
1064,12.64,56.9,814.6,2026-09-29 18:52:59+02:00
1065,12.65,55.87,814.6,2026-09-29 18:53:59+02:00
1066,12.66,55.78,814.61,2026-09-29 18:54:50+02:00
1067,12.62,56.93,814.62,2026-09-29 18:55:50+02:00
1068,12.56,57.1,814.62,2026-09-29 18:56:59+02:00
1069,12.56,57.09,814.63,2026-09-29 18:57:59+02:00
1070,12.59,56.82,814.63,2026-09-29 18:58:59+02:00
1071,12.66,56.07,814.63,2026-09-29 18:59:59+02:00
1072,12.67,56.07,814.64,2026-09-29 19:00:59+02:00
1073,12.62,55.84,814.63,2026-09-29 19:01:59+02:00
1074,12.62,55.41,814.63,2026-09-29 19:02:59+02:00
1075,12.57,55.42,814.62,2026-09-29 19:03:59+02:00
1076,12.51,55.3,814.62,2026-09-29 19:04:59+02:00
1077,12.54,55.14,814.61,2026-09-29 19:05:59+02:00
1078,12.48,56.22,814.62,2026-09-29 19:06:59+02:00
1079,12.37,56.38,814.63,2026-09-29 19:07:59+02:00
1080,12.29,56.52,814.63,2026-09-29 19:08:59+02:00
1081,12.22,56.54,814.63,2026-09-29 19:09:59+02:00
1082,12.18,56.35,814.63,2026-09-29 19:10:59+02:00
1083,12.18,56.3,814.62,2026-09-29 19:11:59+02:00
1084,12.14,56.6,814.64,2026-09-29 19:12:50+02:00
1085,12.09,56.18,814.64,2026-09-29 19:13:59+02:00
1086,12.05,56.0,814.64,2026-09-29 19:14:59+02:00
1087,12.03,56.53,814.65,2026-09-29 19:15:59+02:00
1088,11.97,56.47,814.65,2026-09-29 19:16:59+02:00
1089,11.92,56.72,814.64,2026-09-29 19:17:59+02:00
1090,11.87,56.95,814.65,2026-09-29 19:18:50+02:00
1091,11.81,57.23,814.66,2026-09-29 19:19:50+02:00
1092,11.75,57.31,814.67,2026-09-29 19:20:59+02:00
1093,11.69,57.37,814.67,2026-09-29 19:21:59+02:00
1094,11.65,56.71,814.68,2026-09-29 19:22:59+02:00
1095,11.67,56.53,814.68,2026-09-29 19:23:59+02:00
1096,11.67,57.1,814.69,2026-09-29 19:24:59+02:00
1097,11.72,56.72,814.7,2026-09-29 19:25:50+02:00
1098,11.81,56.37,814.72,2026-09-29 19:26:59+02:00
1099,11.91,56.05,814.71,2026-09-29 19:27:50+02:00
1100,11.98,55.79,814.72,2026-09-29 19:28:50+02:00
1101,12.0,55.77,814.73,2026-09-29 19:29:50+02:00
1102,11.87,56.45,814.73,2026-09-29 19:30:50+02:00
1103,11.76,56.64,814.73,2026-09-29 19:31:50+02:00
1104,11.61,57.23,814.74,2026-09-29 19:32:50+02:00
1105,11.47,57.45,814.75,2026-09-29 19:33:50+02:00
1106,11.38,57.23,814.75,2026-09-29 19:34:59+02:00
1107,11.35,57.15,814.76,2026-09-29 19:35:50+02:00
1108,11.33,57.5,814.76,2026-09-29 19:36:50+02:00
1109,11.31,57.16,814.77,2026-09-29 19:37:50+02:00
1110,11.33,57.17,814.78,2026-09-29 19:38:59+02:00
1111,11.3,57.58,814.78,2026-09-29 19:39:50+02:00
1112,11.24,57.67,814.78,2026-09-29 19:40:50+02:00
1113,11.12,57.93,814.78,2026-09-29 19:41:50+02:00
1114,11.07,57.71,814.79,2026-09-29 19:42:50+02:00
1115,11.14,57.34,814.8,2026-09-29 19:43:50+02:00
1116,11.27,57.03,814.81,2026-09-29 19:44:50+02:00
1117,11.31,57.28,814.82,2026-09-29 19:45:50+02:00
1118,11.28,57.54,814.82,2026-09-29 19:46:50+02:00
1119,11.21,57.46,814.83,2026-09-29 19:47:59+02:00
1120,11.16,57.15,814.83,2026-09-29 19:48:59+02:00
1121,11.06,57.51,814.83,2026-09-29 19:49:59+02:00
1122,11.02,57.16,814.84,2026-09-29 19:50:50+02:00
1123,10.98,57.57,814.86,2026-09-29 19:51:50+02:00
1124,10.95,57.98,814.86,2026-09-29 19:52:50+02:00
1125,10.94,58.23,814.86,2026-09-29 19:53:50+02:00
1126,10.87,58.4,814.86,2026-09-29 19:54:50+02:00
1127,10.8,58.35,814.86,2026-09-29 19:55:50+02:00
1128,10.76,57.88,814.87,2026-09-29 19:56:50+02:00
1129,10.86,57.57,814.87,2026-09-29 19:57:59+02:00
1130,10.9,57.94,814.88,2026-09-29 19:58:59+02:00
1131,10.8,58.4,814.89,2026-09-29 19:59:59+02:00
1132,10.72,58.32,814.89,2026-09-29 20:00:59+02:00
1133,10.68,58.67,814.89,2026-09-29 20:01:59+02:00
1134,10.66,58.5,814.91,2026-09-29 20:02:59+02:00
1135,10.74,57.79,814.9,2026-09-29 20:03:50+02:00
1136,10.81,57.38,814.9,2026-09-29 20:04:50+02:00
1137,10.77,58.08,814.89,2026-09-29 20:05:50+02:00
1138,10.7,57.89,814.89,2026-09-29 20:06:59+02:00
1139,10.65,58.13,814.9,2026-09-29 20:07:50+02:00
1140,10.62,57.84,814.9,2026-09-29 20:08:50+02:00
1141,10.6,58.34,814.91,2026-09-29 20:09:50+02:00
1142,10.57,58.6,814.91,2026-09-29 20:10:59+02:00
1143,10.61,58.17,814.91,2026-09-29 20:11:50+02:00
1144,10.7,57.62,814.91,2026-09-29 20:12:59+02:00
1145,10.86,57.28,814.91,2026-09-29 20:13:59+02:00
1146,11.01,56.9,814.9,2026-09-29 20:14:50+02:00
1147,11.1,56.87,814.91,2026-09-29 20:15:59+02:00
1148,10.97,57.21,814.91,2026-09-29 20:16:59+02:00
1149,10.83,57.26,814.9,2026-09-29 20:17:59+02:00
1150,10.71,57.33,814.91,2026-09-29 20:18:50+02:00
1151,10.63,57.61,814.91,2026-09-29 20:19:59+02:00
1152,10.57,57.81,814.92,2026-09-29 20:20:50+02:00
1153,10.53,58.02,814.93,2026-09-29 20:21:50+02:00
1154,10.52,57.69,814.92,2026-09-29 20:22:59+02:00
1155,10.51,58.38,814.92,2026-09-29 20:23:50+02:00
1156,10.48,58.38,814.93,2026-09-29 20:24:59+02:00
1157,10.45,58.57,814.92,2026-09-29 20:25:59+02:00
1158,10.41,58.75,814.92,2026-09-29 20:26:59+02:00
1159,10.37,58.34,814.93,2026-09-29 20:27:59+02:00
1160,10.37,58.44,814.93,2026-09-29 20:28:50+02:00
1161,10.34,59.21,814.94,2026-09-29 20:29:59+02:00
1162,10.28,59.25,814.95,2026-09-29 20:30:50+02:00
1163,10.25,59.22,814.96,2026-09-29 20:31:59+02:00
1164,10.24,59.25,814.96,2026-09-29 20:32:50+02:00
1165,10.23,59.06,814.97,2026-09-29 20:33:50+02:00
1166,10.21,58.59,814.98,2026-09-29 20:34:50+02:00
1167,10.24,58.71,814.98,2026-09-29 20:35:59+02:00
1168,10.24,59.2,814.98,2026-09-29 20:36:50+02:00
1169,10.21,59.15,814.99,2026-09-29 20:37:59+02:00
1170,10.17,58.89,815.0,2026-09-29 20:38:50+02:00
1171,10.17,58.74,815.01,2026-09-29 20:39:50+02:00
1172,10.2,58.83,815.03,2026-09-29 20:40:50+02:00
1173,10.2,58.76,815.03,2026-09-29 20:41:59+02:00
1174,10.17,58.93,815.04,2026-09-29 20:42:50+02:00
1175,10.12,59.04,815.03,2026-09-29 20:43:59+02:00
1176,10.1,58.96,815.04,2026-09-29 20:44:50+02:00
1177,10.07,59.2,815.03,2026-09-29 20:45:59+02:00
1178,10.07,59.19,815.02,2026-09-29 20:46:59+02:00
1179,10.08,59.22,815.03,2026-09-29 20:47:50+02:00
1180,10.06,59.05,815.02,2026-09-29 20:48:59+02:00
1181,10.06,58.92,815.02,2026-09-29 20:49:50+02:00
1182,10.05,58.95,815.02,2026-09-29 20:50:50+02:00
1183,10.02,59.2,815.02,2026-09-29 20:51:59+02:00
1184,9.98,59.36,815.06,2026-09-29 20:52:50+02:00
1185,9.92,59.5,815.07,2026-09-29 20:53:50+02:00
1186,9.87,59.44,815.06,2026-09-29 20:54:59+02:00
1187,9.86,59.68,815.06,2026-09-29 20:55:50+02:00
1188,9.83,59.7,815.06,2026-09-29 20:56:59+02:00
1189,9.82,59.1,815.06,2026-09-29 20:57:59+02:00
1190,9.8,59.49,815.07,2026-09-29 20:58:59+02:00
1191,9.81,59.49,815.08,2026-09-29 20:59:50+02:00
1192,9.83,59.53,815.09,2026-09-29 21:00:59+02:00
