tijdstip,temperatuur_tl,luchtvochtigheid_rf,luchtdruk_p
2026-09-29T16:00+00:00,12.7,62.0,814.0
2026-09-29T16:10+00:00,12.1,64.0,814.0
2026-09-29T16:20+00:00,11.8,65.0,814.1
2026-09-29T16:30+00:00,11.8,66.0,814.2
2026-09-29T16:40+00:00,11.1,69.0,814.3
2026-09-29T16:50+00:00,11.1,70.0,814.3
2026-09-29T17:00+00:00,11.4,67.0,814.4
2026-09-29T17:10+00:00,10.5,68.0,814.3
2026-09-29T17:20+00:00,10.7,68.0,814.4
2026-09-29T17:30+00:00,10.1,69.0,814.4
2026-09-29T17:40+00:00,9.7,69.0,814.5
2026-09-29T17:50+00:00,9.5,70.0,814.5
2026-09-29T18:00+00:00,9.1,72.0,814.6
2026-09-29T18:10+00:00,9.4,68.0,814.6
2026-09-29T18:20+00:00,9.2,70.0,814.6
2026-09-29T18:30+00:00,9.0,70.0,814.6
2026-09-29T18:40+00:00,8.9,70.0,814.7
2026-09-29T18:50+00:00,9.1,68.0,814.7
2026-09-29T19:00+00:00,8.7,69.0,814.7
2026-09-29T19:10+00:00,8.4,70.0,814.7
2026-09-29T19:20+00:00,8.3,71.0,814.8
2026-09-29T19:30+00:00,7.9,73.0,814.8
2026-09-29T19:40+00:00,8.1,72.0,814.9
2026-09-29T19:50+00:00,7.9,73.0,814.9
2026-09-29T20:00+00:00,8.1,73.0,814.9
2026-09-29T20:10+00:00,7.9,73.0,814.9
2026-09-29T20:20+00:00,7.8,74.0,814.9
2026-09-29T20:30+00:00,7.8,73.0,814.9
2026-09-29T20:40+00:00,7.7,74.0,814.9
2026-09-29T20:50+00:00,7.6,74.0,814.9
2026-09-29T21:00+00:00,7.9,74.0,815.1
2026-09-29T21:10+00:00,7.7,74.0,815.1
2026-09-29T21:20+00:00,7.7,76.0,814.9
2026-09-29T21:30+00:00,8.0,72.0,814.9
